{
  "com.badlogic.gdx.graphics.g2d.BitmapFont": {
    "default-font": {
      "file": "fonts/ui_font_32.fnt"
    }
  },
  "com.badlogic.gdx.graphics.Color": {
    "white": {
      "a": 1,
      "b": 1,
      "g": 1,
      "r": 1
    },
    "black": {
      "a": 1,
      "b": 0,
      "g": 0,
      "r": 0
    },
    "gray": {
      "a": 1,
      "b": 0.5,
      "g": 0.5,
      "r": 0.5
    }
  },
  "com.badlogic.gdx.scenes.scene2d.ui.TextButton$TextButtonStyle": {
    "default": {
      "down": "button-down",
      "up": "button",
      "font": "default-font",
      "fontColor": "white",
      "downFontColor": "black",
      "overFontColor": "gray"
    }
  },
  "com.badlogic.gdx.scenes.scene2d.ui.Label$LabelStyle": {
    "default": {
      "font": "default-font",
      "fontColor": "white"
    }
  },
  "com.badlogic.gdx.scenes.scene2d.ui.CheckBox$CheckBoxStyle": {
    "default": {
      "down": "button-down",
      "up": "button",
      "checkboxOn": "check-on",
      "checkboxOff": "check-off",
      "font": "default-font",
      "fontColor": "white",
      "downFontColor": "black",
      "overFontColor": "gray"
    }
  }
}